-- Create customer
insert into store_customer (customer_id, first_name, last_name, email, password, address, phone_number) values (1, 'Lewes', 'Elia', 'lelia0@youtu.be', '$2a$04$qDOeYgwUrbfC1zGfYeMo5uBihmFTBAAPBURPiVw8g1vIBk9DaLUo2', '13 Sheridan Terrace', '773-864-8930');
insert into store_customer (customer_id, first_name, last_name, email, password, address, phone_number) values (2, 'Krispin', 'Twizell', 'ktwizell1@51.la', '$2a$04$zQH7ysd7I6KDlYN0ujCz6OZtedKMD9sOpjQkAWGfpDXfay0J/bd9m', '4 Mifflin Pass', '339-534-2562');
insert into store_customer (customer_id, first_name, last_name, email, password, address, phone_number) values (3, 'Zarla', 'Bonnor', 'zbonnor2@house.gov', '$2a$04$5HGAbNrqMrYzcNII6tkv2u0AW5rpBBmz97d4wn61VrcrzAOu8JK62', '2945 Service Circle', '442-544-3049');
insert into store_customer (customer_id, first_name, last_name, email, password, address, phone_number) values (4, 'Humfrey', 'Mellon', 'hmellon3@mozilla.org', '$2a$04$u25E9CrfIgtFZb1BCruaIeHAnKVUaQoRu6eYN4.1ZvMQ5H7ucr.NG', '7 Hudson Way', '902-729-3869');
insert into store_customer (customer_id, first_name, last_name, email, password, address, phone_number) values (5, 'Giulietta', 'Curgenuer', 'gcurgenuer4@ezinearticles.com', '$2a$04$iFtoCS70F0yUPpalkH0liOAB.lDAfmzkeyz1HPQJFMfdRoOEjPp6u', '913 Hazelcrest Court', '511-215-2969');
insert into store_customer (customer_id, first_name, last_name, email, password, address, phone_number) values (6, 'Florri', 'Suche', 'fsuche5@google.com', '$2a$04$AhpEFN96VH4NcxT/EwmrlOTgY38of1EMBDO9ifyQ77H0oeTwGGSqO', '24 Westridge Pass', '552-568-4337');
insert into store_customer (customer_id, first_name, last_name, email, password, address, phone_number) values (7, 'Wilfred', 'McVee', 'wmcvee6@webs.com', '$2a$04$H7uEiJyl5wgho45qwmNbAOKlK3AEk4pefN03MJHKTu0W7PBvIah0y', '34 Thackeray Junction', '576-554-0852');
insert into store_customer (customer_id, first_name, last_name, email, password, address, phone_number) values (8, 'Thebault', 'O''Kelly', 'tokelly7@ovh.net', '$2a$04$kgp0IFKSc0KGIM66Qz/32egQBrXf/3miMmmsBMASVWu1EfY6MqEfS', '7374 Granby Hill', '310-388-0210');
insert into store_customer (customer_id, first_name, last_name, email, password, address, phone_number) values (9, 'Grethel', 'Dimitriou', 'gdimitriou8@cocolog-nifty.com', '$2a$04$hLK81v2nQ0uLaXkKwMaJKeexdeTFqJy.o/dAUU9LgDmel4hT6J992', '5 Leroy Circle', '313-923-0826');
insert into store_customer (customer_id, first_name, last_name, email, password, address, phone_number) values (10, 'Reinhold', 'Musso', 'rmusso9@harvard.edu', '$2a$04$FOqF5tFTaSkEqi8hBi5UnuD79OMbidr0OE.Ooc1qi6lezlWGTYZNK', '944 Oneill Way', '902-704-5141');
insert into store_customer (customer_id, first_name, last_name, email, password, address, phone_number) values (11, 'Margalo', 'Crowdy', 'mcrowdya@paypal.com', '$2a$04$ftK.Pnn.FvGkhjn4/v4KTeqwyoKLHG4WFrpO9SDe7Apx53k/ID93e', '49714 Kenwood Road', '572-326-1685');
insert into store_customer (customer_id, first_name, last_name, email, password, address, phone_number) values (12, 'Tybalt', 'Cowins', 'tcowinsb@bloglovin.com', '$2a$04$9vS50XK6awDCK/FpjR9f0u5KMgv1z0ljw7G7QJQQPf2/HsVwo7EkC', '17 Lighthouse Bay Center', '931-162-7386');
insert into store_customer (customer_id, first_name, last_name, email, password, address, phone_number) values (13, 'Creigh', 'Remer', 'cremerc@google.co.jp', '$2a$04$CEL.RuU9P4OwCpcXCmYcNOTY5CKGBwPuw2rYEXQuzgE8w7OTegdRW', '78 3rd Way', '384-609-1946');
insert into store_customer (customer_id, first_name, last_name, email, password, address, phone_number) values (14, 'Jorie', 'Symcox', 'jsymcoxd@go.com', '$2a$04$ndkAlsQ.5eRz3iIpDCxNyeP8m2Sd0I5rWLWeJSkqIxnlypwmrb0.6', '38778 John Wall Road', '571-315-6363');
insert into store_customer (customer_id, first_name, last_name, email, password, address, phone_number) values (15, 'Conrado', 'Baike', 'cbaikee@admin.ch', '$2a$04$2r3n7HGLNUYVBBGG9gsR1.9wbHn6RuxPl9mW6.6KlK6mSfBHzYmju', '691 John Wall Street', '352-720-1904');
insert into store_customer (customer_id, first_name, last_name, email, password, address, phone_number) values (16, 'Janina', 'Rainard', 'jrainardf@scribd.com', '$2a$04$zhMY4DYcLB0oTT6i4CPICOHt/8tP4Ng0/mTxs0gXV4VqZ8frHigtO', '61821 Anniversary Court', '984-235-8784');
insert into store_customer (customer_id, first_name, last_name, email, password, address, phone_number) values (17, 'Brena', 'Baudinot', 'bbaudinotg@phoca.cz', '$2a$04$a5FAXMUxdN56TMAGC4xlXu5eZEX8vUhEr1ukuNBJ38BJcOVKyDV9u', '1 Kipling Park', '595-423-1876');
insert into store_customer (customer_id, first_name, last_name, email, password, address, phone_number) values (18, 'Fannie', 'Hallahan', 'fhallahanh@eventbrite.com', '$2a$04$ygjxvirSJ1tbjk6I4zHZWex5lXeMvVMUR7V53Jdesa4HQSIIr/.fe', '226 Raven Circle', '617-514-5064');
insert into store_customer (customer_id, first_name, last_name, email, password, address, phone_number) values (19, 'Garvy', 'Clowley', 'gclowleyi@google.com.hk', '$2a$04$HL9DkClwz9ovAVUj/UrJi.HNIE8ws8kaiJ4n8CWoAsmCO3yJ.cXji', '895 Arizona Junction', '741-708-7712');
insert into store_customer (customer_id, first_name, last_name, email, password, address, phone_number) values (20, 'Meredith', 'Bonaire', 'mbonairej@nationalgeographic.com', '$2a$04$/Il6SPjz5uWcqh8UNTbmp.V6LKaUk.MvDczmhq4aQW60oHilFuC5m', '539 Manufacturers Point', '707-265-3371');
insert into store_customer (customer_id, first_name, last_name, email, password, address, phone_number) values (21, 'Damon', 'Lomasney', 'dlomasneyk@symantec.com', '$2a$04$gkVZ/Nyla.94OdEP5ETeGuFJEo/mKtusnz6QXUsThmvUUgxuBa4ry', '15183 Coolidge Parkway', '797-319-6304');
insert into store_customer (customer_id, first_name, last_name, email, password, address, phone_number) values (22, 'Lexy', 'Heintsch', 'lheintschl@yellowpages.com', '$2a$04$/yvtVuBk7uSL/mMxhYJfAe86TrmIBgwGkzWPhclfERjzjfF5UJcIy', '5 Clyde Gallagher Alley', '996-947-4515');
insert into store_customer (customer_id, first_name, last_name, email, password, address, phone_number) values (23, 'Jephthah', 'Brydone', 'jbrydonem@nbcnews.com', '$2a$04$qKIN/oSoK0CLGdVl7zhUletOFqesl8SI59gBIJLY8fTAHhbb1KivO', '717 Golden Leaf Circle', '288-951-4261');
insert into store_customer (customer_id, first_name, last_name, email, password, address, phone_number) values (24, 'Cory', 'Shingler', 'cshinglern@dell.com', '$2a$04$FLp5g3i3p5hLxfvWeCyisuSFS7c0zqEidu2N9Z4Cx8UXUCNTyxfoe', '67678 Bunting Drive', '322-225-4489');
insert into store_customer (customer_id, first_name, last_name, email, password, address, phone_number) values (25, 'Yoshiko', 'Gerren', 'ygerreno@wired.com', '$2a$04$96KsaGm4DaLpjDubI/tbCeR08mYq.2JLYqnfaGfwWhTfQ2Ksz/4KC', '9510 Crest Line Alley', '262-427-9277');
insert into store_customer (customer_id, first_name, last_name, email, password, address, phone_number) values (26, 'Penny', 'Jansson', 'pjanssonp@adobe.com', '$2a$04$mvdY4HykKBnDZZKOuG50G.0oTiQkYLRVZZ1zOzs4maP5qNmIFGGrO', '4 Ludington Alley', '657-276-9793');
insert into store_customer (customer_id, first_name, last_name, email, password, address, phone_number) values (27, 'Henriette', 'Kirwan', 'hkirwanq@g.co', '$2a$04$Kd2LAt4b8mWCjGWFyaeGKeIxuH6LBspVZjlB952Z.IWXt/TzR3Z2O', '80482 Parkside Way', '682-483-8864');
insert into store_customer (customer_id, first_name, last_name, email, password, address, phone_number) values (28, 'Kassey', 'Illwell', 'killwellr@latimes.com', '$2a$04$ROUAJfyAisrCzBG6JbwqQOtiXDAsQeak5QU6xOTbmE2kgnqH1675C', '07 Cody Drive', '452-456-7431');
insert into store_customer (customer_id, first_name, last_name, email, password, address, phone_number) values (29, 'Dorrie', 'Plows', 'dplowss@shareasale.com', '$2a$04$vorKlJ3V5cGVYAZYjAmu2OtXm8l9hto6YTmbCIcdL3AosHrgfJoIq', '74 Hallows Alley', '739-852-3708');
insert into store_customer (customer_id, first_name, last_name, email, password, address, phone_number) values (30, 'Alwin', 'Brayford', 'abrayfordt@google.nl', '$2a$04$cGIx.2S/H.0FFe.dT7jiGuXdQflp9lrw/Rwr4N0IaQoPvX6mjyLES', '7151 Eastlawn Way', '570-617-5196');
insert into store_customer (customer_id, first_name, last_name, email, password, address, phone_number) values (31, 'Benetta', 'Mattecot', 'bmattecotu@sourceforge.net', '$2a$04$luQ0xQjlyPyoavbcfD82MuF63iBy9vXNE7T.ABjIFHL6fUHYXewW.', '23 Vermont Avenue', '604-298-1358');
insert into store_customer (customer_id, first_name, last_name, email, password, address, phone_number) values (32, 'Casey', 'Dykes', 'cdykesv@sciencedirect.com', '$2a$04$TNiinumJgml56zkD1A7ZQOtDW9PQcoKQmAEKMwivthDKBPX7GhKMO', '91 Meadow Vale Crossing', '414-224-9806');
insert into store_customer (customer_id, first_name, last_name, email, password, address, phone_number) values (33, 'Lewie', 'Sterre', 'lsterrew@abc.net.au', '$2a$04$6ffRQbCV6eI/rQl84kAj6uY.HTVew3twhY1lfitrfM.uNx/oeTloK', '2 Moland Park', '675-475-9845');
insert into store_customer (customer_id, first_name, last_name, email, password, address, phone_number) values (34, 'Jules', 'Hart', 'jhartx@google.it', '$2a$04$s1WUZ4fn7jVQBfFgDWFOM.a87V4d/X4t4MGbWIbrZOsTbyk1a/lQm', '8 Autumn Leaf Crossing', '843-674-9070');
insert into store_customer (customer_id, first_name, last_name, email, password, address, phone_number) values (35, 'Grace', 'Muffett', 'gmuffetty@histats.com', '$2a$04$sB9ZvZKdefYmMs1Cd2fb6O3VmrSV8ZX9wRwPqViHV6Cb6KsQ0rpUm', '210 Mallory Trail', '287-167-7296');
insert into store_customer (customer_id, first_name, last_name, email, password, address, phone_number) values (36, 'Sylvan', 'Allinson', 'sallinsonz@reuters.com', '$2a$04$/C7upQoUV8CbK8ASEAoOluV5n/Tcm6wUMFB9lzi6ZXgIYzKJ5UTTe', '660 John Wall Plaza', '393-174-6421');
insert into store_customer (customer_id, first_name, last_name, email, password, address, phone_number) values (37, 'Weylin', 'Cooling', 'wcooling10@theguardian.com', '$2a$04$Wv0LZSXVJOjaoS/eXTcF9OIcgnvCyFI.d5mMBO1h6Ytl3.JO4ez5O', '0492 Mccormick Park', '438-841-3743');
insert into store_customer (customer_id, first_name, last_name, email, password, address, phone_number) values (38, 'Amaleta', 'Itzakovitz', 'aitzakovitz11@furl.net', '$2a$04$D5jBQ/Yj8Sugbh2XyCvlZu4UqZ8hlBHdaY8FVh/nQ8Oa4qX9VLes6', '005 Waywood Way', '737-289-3274');
insert into store_customer (customer_id, first_name, last_name, email, password, address, phone_number) values (39, 'Annnora', 'Payfoot', 'apayfoot12@miibeian.gov.cn', '$2a$04$whoORBr/rNAXKGRoel9P0.kgCUJCYlimnizB.2TudeiXZxzC6tEcu', '7929 Prairie Rose Street', '809-637-0042');
insert into store_customer (customer_id, first_name, last_name, email, password, address, phone_number) values (40, 'Marlow', 'Swaite', 'mswaite13@arstechnica.com', '$2a$04$hqAfdMjbu8Ywktp/AdS7cOZnPrb3sKU7Bb.7MoYo8kX2oDwgY.Beq', '869 Pennsylvania Drive', '619-131-0411');
insert into store_customer (customer_id, first_name, last_name, email, password, address, phone_number) values (41, 'Carin', 'McConnell', 'cmcconnell14@webs.com', '$2a$04$mikr.Zpa88OFlp0G1ALYP.Vi5xytejB0rpF6FTBtFK6YgrN2dVZMS', '86 Schlimgen Terrace', '346-184-4286');
insert into store_customer (customer_id, first_name, last_name, email, password, address, phone_number) values (42, 'Domingo', 'Masdon', 'dmasdon15@163.com', '$2a$04$UGgJ8R9mWYbhMg.Q/j6ut.DgAMZVpHwdnxsP8LU87cNiuIWVNUiwm', '643 Kenwood Park', '532-629-0075');
insert into store_customer (customer_id, first_name, last_name, email, password, address, phone_number) values (43, 'Philomena', 'Lieb', 'plieb16@fda.gov', '$2a$04$n3metD42nZxihwyIAKfXLO/F.cjqBjKDhhLXnYKtmNQxDjK1Jbese', '678 Village Green Pass', '708-351-8354');
insert into store_customer (customer_id, first_name, last_name, email, password, address, phone_number) values (44, 'Mignon', 'Guiett', 'mguiett17@cnbc.com', '$2a$04$Tp5WVmK2dMuJbpDukI3cW.jcx8opHHCUMZ3VTWquTMG3qC/HVYOqS', '0 Wayridge Court', '371-209-0480');
insert into store_customer (customer_id, first_name, last_name, email, password, address, phone_number) values (45, 'Bailie', 'Van de Vlies', 'bvandevlies18@ocn.ne.jp', '$2a$04$UERkMUtH/iufb0cOaf3bMubug0.FWnJgXDyygnfO.nRM3TymdX9p6', '96892 Mendota Place', '284-160-0413');
insert into store_customer (customer_id, first_name, last_name, email, password, address, phone_number) values (46, 'Shurwood', 'Axelbee', 'saxelbee19@cnet.com', '$2a$04$Zj3cNju9/We9Uk5VnErtOOmaxBbjEgP6SAxorD8RXO6xRJpujj3/O', '89 Oak Valley Pass', '807-470-0844');
insert into store_customer (customer_id, first_name, last_name, email, password, address, phone_number) values (47, 'Cosmo', 'Brooksbie', 'cbrooksbie1a@geocities.com', '$2a$04$lpYNCirqH9ySCqt8utgHA.p5aTLwcWEYkVEXWY6xpIw1QO10.S.M.', '55 Jenna Lane', '681-437-6724');
insert into store_customer (customer_id, first_name, last_name, email, password, address, phone_number) values (48, 'Susy', 'Napolitano', 'snapolitano1b@wikispaces.com', '$2a$04$MTemH34LaRXZVZMxlgKXpeplE3r7jrXPGju0KQDtqwrofaWVw6Ggy', '596 Elmside Alley', '142-696-7936');
insert into store_customer (customer_id, first_name, last_name, email, password, address, phone_number) values (49, 'Stesha', 'Lennarde', 'slennarde1c@si.edu', '$2a$04$RuUHPj7i54W2lnvx9nIVVuMK1vnGGM4VPLswQ.mzHdSNp4djWvUqK', '848 Pankratz Junction', '489-824-5444');
insert into store_customer (customer_id, first_name, last_name, email, password, address, phone_number) values (50, 'Lorinda', 'Currall', 'lcurrall1d@freewebs.com', '$2a$04$EbKu6qljKshQcwi9TbetT.38oIteSdugB9fjz0fvvdjeD3kTCzLZi', '80 Anderson Alley', '975-471-5456');
insert into store_customer (customer_id, first_name, last_name, email, password, address, phone_number) values (51, 'Helyn', 'Karpov', 'hkarpov1e@unc.edu', '$2a$04$AAmE4ZN0LxhU.e/wiJaOdeLMlXzhEBUKs1qBSxlM3ua07.vNqmlf2', '93335 Mendota Point', '989-394-6153');
insert into store_customer (customer_id, first_name, last_name, email, password, address, phone_number) values (52, 'Mallory', 'Imlach', 'mimlach1f@sogou.com', '$2a$04$JjBRXDGD9Lx/q9/MEBtUjOvu9yqK6bc98G8lEbnalHZjeDJFbCvEi', '83881 Lakewood Gardens Avenue', '218-167-2872');
insert into store_customer (customer_id, first_name, last_name, email, password, address, phone_number) values (53, 'Mona', 'Wither', 'mwither1g@dmoz.org', '$2a$04$JryW/CFnRA3CiXivk1OA5O/m0p8076bCCF8Y5jBglagHymm8etYPa', '9249 Lotheville Point', '635-138-8270');
insert into store_customer (customer_id, first_name, last_name, email, password, address, phone_number) values (54, 'Corney', 'Clowney', 'cclowney1h@youtu.be', '$2a$04$6uGGifZwsyJFYa/B7gGIo.3qtzdQPfMJFAxCjfbK7gIg1GruETn8C', '50127 Sycamore Avenue', '826-481-0650');
insert into store_customer (customer_id, first_name, last_name, email, password, address, phone_number) values (55, 'Brenna', 'Townshend', 'btownshend1i@icio.us', '$2a$04$CL8/uK1hOxrGxg8srtw0SOzkW22zHtuK3cwpfzOqPfsy32iSb1Ee6', '31384 Esch Circle', '142-878-5009');
insert into store_customer (customer_id, first_name, last_name, email, password, address, phone_number) values (56, 'Lodovico', 'Stracey', 'lstracey1j@mozilla.org', '$2a$04$fmNEGPiBfiFWs2KVPBd7Z.gwK8MNMQ9UvCs/xUcRyD.W5QtkLkmU2', '2 Maple Drive', '710-269-5948');
insert into store_customer (customer_id, first_name, last_name, email, password, address, phone_number) values (57, 'Tobi', 'Letford', 'tletford1k@xing.com', '$2a$04$JtknlG18rvxx67pxlfKFYOHA5IWhyQOFYvMfLHq.1CBHykNtxvoPG', '94063 Trailsway Alley', '704-848-3709');
insert into store_customer (customer_id, first_name, last_name, email, password, address, phone_number) values (58, 'Audie', 'Jimes', 'ajimes1l@reuters.com', '$2a$04$6aYU8cqzh0lDd/hYNhtnset.jUoWxWd7L775RdrzLq9BLtqEKP.Zu', '100 Aberg Hill', '368-424-0337');
insert into store_customer (customer_id, first_name, last_name, email, password, address, phone_number) values (59, 'Julieta', 'Kestin', 'jkestin1m@so-net.ne.jp', '$2a$04$YooPzN6TYVEHAVv0KcFtTeVffAOsSpyjhyr/CYwQxOjAmySXibWDu', '52456 Redwing Court', '913-184-6481');
insert into store_customer (customer_id, first_name, last_name, email, password, address, phone_number) values (60, 'Barron', 'Menis', 'bmenis1n@i2i.jp', '$2a$04$0nn1YBMuRwnWdvNP7JzzSOLUyNodSVCjZ9W15Qtq4Rht0ww8c9oWy', '08039 Pearson Avenue', '401-661-1359');
insert into store_customer (customer_id, first_name, last_name, email, password, address, phone_number) values (61, 'Patricia', 'Westwick', 'pwestwick1o@google.cn', '$2a$04$W8Ct3r5QZpbqco6KuFwk2O/0qOmr3ey6zcJKWvmQ5sScZ3W6zE56O', '83 Oak Circle', '251-318-7826');
insert into store_customer (customer_id, first_name, last_name, email, password, address, phone_number) values (62, 'Cazzie', 'McGrey', 'cmcgrey1p@opensource.org', '$2a$04$lVr.luIfe9M0qkxYoL6xHuj/olyWNst9U8lB0N2Zzv/OAF.AUVXmu', '148 Waxwing Crossing', '363-661-5015');
insert into store_customer (customer_id, first_name, last_name, email, password, address, phone_number) values (63, 'Zuzana', 'Itzcak', 'zitzcak1q@hc360.com', '$2a$04$o/kXpXjlNh1GLvogbm8lK..NxClkNoUYKQXoXo7.AlYAk8WEhAjWO', '5509 Reindahl Parkway', '254-208-4313');
insert into store_customer (customer_id, first_name, last_name, email, password, address, phone_number) values (64, 'Jonathan', 'Alder', 'jalder1r@shinystat.com', '$2a$04$r0wG9gAdYCc8fnonYSUxneDbFSRfIUUdCIwUNC4TGRBgG0E737kgi', '64577 Sullivan Court', '972-192-4941');
insert into store_customer (customer_id, first_name, last_name, email, password, address, phone_number) values (65, 'Trina', 'Liversley', 'tliversley1s@google.nl', '$2a$04$gFEYCb1kN5Mej2t2oHcV8eCtzTA./GX4Kth9Fy3twimynsyE0B2lO', '0 Mesta Way', '555-450-3137');
insert into store_customer (customer_id, first_name, last_name, email, password, address, phone_number) values (66, 'Gordy', 'Harwell', 'gharwell1t@wordpress.org', '$2a$04$PUyXqvQR6Gqw4BG0P/bLsOHIcuNrA9n.3uJw1XYZS/Y4yVGzOoeUG', '2480 Steensland Junction', '834-127-0994');
insert into store_customer (customer_id, first_name, last_name, email, password, address, phone_number) values (67, 'Callie', 'Pennycook', 'cpennycook1u@theguardian.com', '$2a$04$UYE1mwrMfBuNHGmO93rXge2u/60sGmTkbfMjSAPQWg3J9Qc658Cp.', '4103 Sauthoff Drive', '529-747-6318');
insert into store_customer (customer_id, first_name, last_name, email, password, address, phone_number) values (68, 'Tildi', 'Whates', 'twhates1v@example.com', '$2a$04$gBB7crPh6sCEFjSbJN0Q9OKSW7pPNwg/WtgazwdgUStp0MJuWciDq', '70 Alpine Avenue', '361-542-3712');
insert into store_customer (customer_id, first_name, last_name, email, password, address, phone_number) values (69, 'Lonna', 'Peachman', 'lpeachman1w@devhub.com', '$2a$04$LQsuMNTVG004ularReksFOWgl6I3zH.PdqvvUzyxWcCAjivTeGjNS', '3665 Hoffman Alley', '384-241-6310');
insert into store_customer (customer_id, first_name, last_name, email, password, address, phone_number) values (70, 'Melina', 'Mattiussi', 'mmattiussi1x@w3.org', '$2a$04$g2DxUJcqP1TXdF5gAMfbvOF7Lt3/Fx1XfN/SWy9Sd7Sp84kx0gbbC', '5 Westerfield Circle', '620-641-5488');
insert into store_customer (customer_id, first_name, last_name, email, password, address, phone_number) values (71, 'Tory', 'Janas', 'tjanas1y@e-recht24.de', '$2a$04$7UnnNymBKxSVwikw8LJQA.fnu9cpTsS/Fpb8jkkHamsV2G20doQLi', '253 Banding Park', '311-122-2491');
insert into store_customer (customer_id, first_name, last_name, email, password, address, phone_number) values (72, 'Antony', 'McNeely', 'amcneely1z@wix.com', '$2a$04$ILD9HJa7ihek/XPj07jpzOLl0Z2GasDdKCYDEiWshN8EegOMihCS6', '29784 Norway Maple Terrace', '348-609-1102');
insert into store_customer (customer_id, first_name, last_name, email, password, address, phone_number) values (73, 'Winni', 'Pechan', 'wpechan20@noaa.gov', '$2a$04$VIHuNIUGNj/HuSPGZ8rGj.qttmU9yrttjNQ4zxMGZ9gX8L2ux5A7m', '366 Gulseth Terrace', '116-791-7935');
insert into store_customer (customer_id, first_name, last_name, email, password, address, phone_number) values (74, 'Jareb', 'Bowmen', 'jbowmen21@imdb.com', '$2a$04$0eNcwIwEJTrUSX6P6knIcu6yq60TpyMH3IPumcxF9K.ExyMyuDUsW', '87 Hauk Crossing', '803-396-2240');
insert into store_customer (customer_id, first_name, last_name, email, password, address, phone_number) values (75, 'Sydney', 'Burgiss', 'sburgiss22@gmpg.org', '$2a$04$/OaTsXhf0jmY5tnS7loTBupZ0/eBs69Q6LvjDrl3h.aS2ljM.mojm', '52405 Thompson Lane', '690-256-4508');
insert into store_customer (customer_id, first_name, last_name, email, password, address, phone_number) values (76, 'Gabie', 'Bute', 'gbute23@ustream.tv', '$2a$04$adnkeesN.wo4yij/7zRDs.MRASFlOac.3YZAmPQoQAmMBCFaegQI6', '62 Browning Pass', '307-236-5225');
insert into store_customer (customer_id, first_name, last_name, email, password, address, phone_number) values (77, 'Stearne', 'Kettlewell', 'skettlewell24@oakley.com', '$2a$04$52zleXNDCpm2AAnQTWwmU.UIplGe6mEHtKPlmexRsYPTzXFh9AkTu', '6703 Swallow Trail', '456-408-8135');
insert into store_customer (customer_id, first_name, last_name, email, password, address, phone_number) values (78, 'Avrit', 'Mongan', 'amongan25@joomla.org', '$2a$04$6LMGNnNbt/.HYR0j4x/c1ulcnZWaDDgJhX/DyyeV73SKukvPje9vy', '06 Loftsgordon Drive', '404-681-6978');
insert into store_customer (customer_id, first_name, last_name, email, password, address, phone_number) values (79, 'Janaye', 'Oaks', 'joaks26@cmu.edu', '$2a$04$nnRu0QvrgnvAhtQY7TqW5.Qa0z23VU.2cE.kmXsAZytoweeSFZ3xG', '13 Stang Drive', '143-497-8295');
insert into store_customer (customer_id, first_name, last_name, email, password, address, phone_number) values (80, 'Alissa', 'Abrami', 'aabrami27@timesonline.co.uk', '$2a$04$WI5l2EuVUgSB1vo./N.YBOr8HTiHAJKQ7DUpyRRNDSq.7zO.MXnsy', '638 Ludington Crossing', '913-236-2823');
insert into store_customer (customer_id, first_name, last_name, email, password, address, phone_number) values (81, 'Sisile', 'Bauduin', 'sbauduin28@usa.gov', '$2a$04$kDg/EBNd2GLfL6UB68bIxujMbK7CPwXJrLA5Q.BRQsKnbfHj/BBJ.', '2 Westport Pass', '777-356-7438');
insert into store_customer (customer_id, first_name, last_name, email, password, address, phone_number) values (82, 'Cacilia', 'Igounet', 'cigounet29@auda.org.au', '$2a$04$8MDEAnDXgDVggbXUEE0It.wMQq8icPipsNrQroWjaGYfhUUZq5tAm', '90 Brown Terrace', '613-157-3719');
insert into store_customer (customer_id, first_name, last_name, email, password, address, phone_number) values (83, 'Ransom', 'Crosson', 'rcrosson2a@apache.org', '$2a$04$TYKHsECT2p1MBDEG2wlPDeFUZjA36a3kQQRhhl0IHJDo2BYm.deyS', '1 American Pass', '737-700-6581');
insert into store_customer (customer_id, first_name, last_name, email, password, address, phone_number) values (84, 'Krystle', 'Cattel', 'kcattel2b@yahoo.co.jp', '$2a$04$T.54J80xaVo0qbD2PcHwm.U73E4fbhrBz9qdELVKu3qvv92MctYa2', '069 Sachs Trail', '200-797-9109');
insert into store_customer (customer_id, first_name, last_name, email, password, address, phone_number) values (85, 'Barthel', 'Hart', 'bhart2c@about.me', '$2a$04$hIHhFOuTowJeB1Pa.IL32e4EU4q9oip9BjSytqrLguAT7VaKNLchC', '386 Jenifer Parkway', '108-392-5251');
insert into store_customer (customer_id, first_name, last_name, email, password, address, phone_number) values (86, 'Cullan', 'Grimsell', 'cgrimsell2d@ebay.com', '$2a$04$EleiIZaolnFF/VsO3G26yOxsnit/yTgFeMoQfY5NbVqcDGtA3iOTO', '0821 Eliot Road', '402-299-8764');
insert into store_customer (customer_id, first_name, last_name, email, password, address, phone_number) values (87, 'Koralle', 'Brigdale', 'kbrigdale2e@lycos.com', '$2a$04$bfkaAUESuSAy445HdryEVenyNoPuHUXuVBG3IQ4ReOH/GLK2i9FCG', '93574 Westerfield Parkway', '576-934-4638');
insert into store_customer (customer_id, first_name, last_name, email, password, address, phone_number) values (88, 'Claudetta', 'Mosen', 'cmosen2f@cbsnews.com', '$2a$04$SstqQ2P6GTTPXOacSOK8l.hE5bVkcAQ5xVu2yoKxHpqXmaGSL6PMy', '17 Saint Paul Park', '842-257-4659');
insert into store_customer (customer_id, first_name, last_name, email, password, address, phone_number) values (89, 'Hailee', 'Shearer', 'hshearer2g@dailymail.co.uk', '$2a$04$MHpKJQl7.E0I3Y1zvadkmO.lNso2rWTe9wyhR3UxwDGefBhk0ON2G', '36 Hudson Parkway', '610-982-8711');
insert into store_customer (customer_id, first_name, last_name, email, password, address, phone_number) values (90, 'Ram', 'Pack', 'rpack2h@devhub.com', '$2a$04$/khyxzUMByZnQBUbAqTPde.N9Qa3.nuBZNH1qaPhBuYnyIqdRzksS', '1192 Dennis Crossing', '237-538-2947');
insert into store_customer (customer_id, first_name, last_name, email, password, address, phone_number) values (91, 'Serena', 'Sainer', 'ssainer2i@yahoo.co.jp', '$2a$04$5i/qX.vsfuuFDHIrDTVJmeM2d/Hg2UhYya3oe0ul7FCxk4r5G9bUO', '634 Annamark Road', '576-127-5985');
insert into store_customer (customer_id, first_name, last_name, email, password, address, phone_number) values (92, 'Carlyle', 'Lemmon', 'clemmon2j@npr.org', '$2a$04$AufbBsKU9OuoWlKlPpLWpOiWy9lUocwGHdlHniTsSnvVIg1tEWiEm', '9214 Homewood Hill', '179-219-0021');
insert into store_customer (customer_id, first_name, last_name, email, password, address, phone_number) values (93, 'Rosemonde', 'Kettles', 'rkettles2k@google.com.br', '$2a$04$IzUXnVln5JIIOv8GsFMyVebNsrn7Zmasp637hLi5YPl2WPH4Wqgmu', '83109 Forest Dale Terrace', '188-284-9446');
insert into store_customer (customer_id, first_name, last_name, email, password, address, phone_number) values (94, 'Cymbre', 'Norville', 'cnorville2l@webs.com', '$2a$04$V6iJ.Vs56rSJ1RXFpyntOOdqYkK5Y5zcK3z5pmfgZze0QnLYYsq1y', '23 Novick Way', '349-648-3725');
insert into store_customer (customer_id, first_name, last_name, email, password, address, phone_number) values (95, 'Maryjane', 'Burroughes', 'mburroughes2m@blog.com', '$2a$04$w9OfLilSbHcw4Jkkpj/YneSOa7yponxstlCkL99RdPjq58qF6j6DO', '4030 Dahle Park', '154-710-3002');
insert into store_customer (customer_id, first_name, last_name, email, password, address, phone_number) values (96, 'Laurent', 'Ashbe', 'lashbe2n@fda.gov', '$2a$04$XcWOoiFzr1fVDRejMaDycOWV77tceoXVDUPIKpr377Pu1cO7uFzJC', '0966 Hallows Crossing', '595-644-0001');
insert into store_customer (customer_id, first_name, last_name, email, password, address, phone_number) values (97, 'Reagan', 'Gledhall', 'rgledhall2o@techcrunch.com', '$2a$04$DmjmnqbnTZOVy3CR6xtEFu547rEgTBqx13HpupQPsN9T4f1YV1TjO', '93 Debs Junction', '767-720-5675');
insert into store_customer (customer_id, first_name, last_name, email, password, address, phone_number) values (98, 'Kacie', 'Geaney', 'kgeaney2p@comsenz.com', '$2a$04$//W9plrRVd/TxQbyv8dWlenJUsEw3he7CV/SFrcgTruJgaZJBXChS', '65 Tennyson Center', '925-922-4518');
insert into store_customer (customer_id, first_name, last_name, email, password, address, phone_number) values (99, 'Packston', 'Bishell', 'pbishell2q@mediafire.com', '$2a$04$pmono9cwoghazABV7yfu8eMh7sbjHnnqtYae3zCBU7JY0BObm9D4u', '98 Buell Pass', '990-592-6783');
insert into store_customer (customer_id, first_name, last_name, email, password, address, phone_number) values (100, 'Hedda', 'Hargroves', 'hhargroves2r@shareasale.com', '$2a$04$IXXf8nmsY3iZprM0Vm5w/O2ezT6K/6lzGaj0PPJIcNWaU84zwVjPS', '906 Golf Course Avenue', '436-830-0471');


-- Create Category
insert into store_category (category_id, name) values (1, 'Waterproofing & Caulking');
insert into store_category (category_id, name) values (2, 'Fire Sprinkler System');
insert into store_category (category_id, name) values (3, 'RF Shielding');
insert into store_category (category_id, name) values (4, 'Site Furnishings');
insert into store_category (category_id, name) values (5, 'Construction Clean and Final Clean');
insert into store_category (category_id, name) values (6, 'Drywall & Acoustical (FED)');
insert into store_category (category_id, name) values (7, 'Doors, Frames & Hardware');
insert into store_category (category_id, name) values (8, 'Framing (Wood)');
insert into store_category (category_id, name) values (9, 'Structural & Misc Steel Erection');
insert into store_category (category_id, name) values (10, 'Waterproofing & Caulking');


-- Shipment

insert into store_shipment (shipment_id, shipment_date, address, city, state, country, zip_code, customer_id) values (1, '6/7/2023', '233 Delaware Crossing', 'Miami', 'Florida', 'United States', 'US', '1');
insert into store_shipment (shipment_id, shipment_date, address, city, state, country, zip_code, customer_id) values (2, '3/7/2024', '056 Arrowood Road', 'Houston', 'Texas', 'United States', 'US', '50');
insert into store_shipment (shipment_id, shipment_date, address, city, state, country, zip_code, customer_id) values (3, '11/14/2023', '7578 Pennsylvania Junction', 'Norwalk', 'Connecticut', 'United States', 'US', '50');
insert into store_shipment (shipment_id, shipment_date, address, city, state, country, zip_code, customer_id) values (4, '6/15/2023', '29 Russell Pass', 'Lexington', 'Kentucky', 'United States', 'US', '46');
insert into store_shipment (shipment_id, shipment_date, address, city, state, country, zip_code, customer_id) values (5, '3/9/2024', '3795 Arapahoe Court', 'Torrance', 'California', 'United States', 'US', '32');
insert into store_shipment (shipment_id, shipment_date, address, city, state, country, zip_code, customer_id) values (6, '10/4/2023', '3 Kenwood Street', 'Austin', 'Texas', 'United States', 'US', '10');
insert into store_shipment (shipment_id, shipment_date, address, city, state, country, zip_code, customer_id) values (7, '6/13/2023', '3 Debs Drive', 'College Station', 'Texas', 'United States', 'US', '50');
insert into store_shipment (shipment_id, shipment_date, address, city, state, country, zip_code, customer_id) values (8, '5/29/2024', '238 School Circle', 'Norfolk', 'Virginia', 'United States', 'US', '50');
insert into store_shipment (shipment_id, shipment_date, address, city, state, country, zip_code, customer_id) values (9, '11/10/2023', '3 Northwestern Parkway', 'Huntsville', 'Alabama', 'United States', 'US', '39');
insert into store_shipment (shipment_id, shipment_date, address, city, state, country, zip_code, customer_id) values (10, '4/27/2024', '60 Hallows Circle', 'Saint Paul', 'Minnesota', 'United States', 'US', '50');
insert into store_shipment (shipment_id, shipment_date, address, city, state, country, zip_code, customer_id) values (11, '3/18/2024', '1315 Dryden Avenue', 'Albuquerque', 'New Mexico', 'United States', 'US', '26');
insert into store_shipment (shipment_id, shipment_date, address, city, state, country, zip_code, customer_id) values (12, '3/7/2024', '973 Southridge Place', 'Las Vegas', 'Nevada', 'United States', 'US', '50');
insert into store_shipment (shipment_id, shipment_date, address, city, state, country, zip_code, customer_id) values (13, '1/26/2024', '78882 Katie Terrace', 'Baltimore', 'Maryland', 'United States', 'US', '2');
insert into store_shipment (shipment_id, shipment_date, address, city, state, country, zip_code, customer_id) values (14, '1/10/2024', '1641 Sycamore Street', 'Irving', 'Texas', 'United States', 'US', '27');
insert into store_shipment (shipment_id, shipment_date, address, city, state, country, zip_code, customer_id) values (15, '4/6/2024', '31720 Kennedy Parkway', 'Beaumont', 'Texas', 'United States', 'US', '16');
insert into store_shipment (shipment_id, shipment_date, address, city, state, country, zip_code, customer_id) values (16, '6/9/2023', '52 8th Street', 'Columbia', 'South Carolina', 'United States', 'US', '5');
insert into store_shipment (shipment_id, shipment_date, address, city, state, country, zip_code, customer_id) values (17, '11/30/2023', '077 8th Alley', 'Montgomery', 'Alabama', 'United States', 'US', '4');
insert into store_shipment (shipment_id, shipment_date, address, city, state, country, zip_code, customer_id) values (18, '10/22/2023', '6409 Basil Junction', 'Salt Lake City', 'Utah', 'United States', 'US', '4');
insert into store_shipment (shipment_id, shipment_date, address, city, state, country, zip_code, customer_id) values (19, '10/6/2023', '58 Meadow Valley Parkway', 'Salt Lake City', 'Utah', 'United States', 'US', '50');
insert into store_shipment (shipment_id, shipment_date, address, city, state, country, zip_code, customer_id) values (20, '2/13/2024', '1580 Esker Parkway', 'Visalia', 'California', 'United States', 'US', '2');


-- Payment
insert into store_payment (payment_id, payment_date, payment_method, amount, customer_id) values (1, '2023-06-07', 'C', 100.00, 1);
insert into store_payment (payment_id, payment_date, payment_method, amount, customer_id) values (2, '2024-03-07', 'C', 200.00, 50);
insert into store_payment (payment_id, payment_date, payment_method, amount, customer_id) values (3, '2023-11-14', 'P', 150.00, 50);
insert into store_payment (payment_id, payment_date, payment_method, amount, customer_id) values (4, '2023-06-15', 'C', 120.00, 46);
insert into store_payment (payment_id, payment_date, payment_method, amount, customer_id) values (5, '2024-03-09', 'C', 180.00, 32);
insert into store_payment (payment_id, payment_date, payment_method, amount, customer_id) values (6, '2023-10-04', 'C', 210.00, 10);
insert into store_payment (payment_id, payment_date, payment_method, amount, customer_id) values (7, '2023-06-13', 'C', 140.00, 50);
insert into store_payment (payment_id, payment_date, payment_method, amount, customer_id) values (8, '2024-05-29', 'P', 130.00, 50);
insert into store_payment (payment_id, payment_date, payment_method, amount, customer_id) values (9, '2023-11-10', 'C', 170.00, 39);
insert into store_payment (payment_id, payment_date, payment_method, amount, customer_id) values (10, '2024-04-27', 'C', 190.00, 50);
insert into store_payment (payment_id, payment_date, payment_method, amount, customer_id) values (11, '2024-03-18', 'C', 160.00, 26);
insert into store_payment (payment_id, payment_date, payment_method, amount, customer_id) values (12, '2024-03-07', 'P', 110.00, 50);
insert into store_payment (payment_id, payment_date, payment_method, amount, customer_id) values (13, '2024-01-26', 'C', 100.00, 2);
insert into store_payment (payment_id, payment_date, payment_method, amount, customer_id) values (14, '2024-01-10', 'C', 220.00, 27);
insert into store_payment (payment_id, payment_date, payment_method, amount, customer_id) values (15, '2024-04-06', 'C', 140.00, 16);
insert into store_payment (payment_id, payment_date, payment_method, amount, customer_id) values (16, '2023-06-09', 'C', 150.00, 5);
insert into store_payment (payment_id, payment_date, payment_method, amount, customer_id) values (17, '2023-11-30', 'C', 130.00, 4);
insert into store_payment (payment_id, payment_date, payment_method, amount, customer_id) values (18, '2023-10-22', 'C', 180.00, 4);
insert into store_payment (payment_id, payment_date, payment_method, amount, customer_id) values (19, '2023-10-06', 'P', 170.00, 50);
insert into store_payment (payment_id, payment_date, payment_method, amount, customer_id) values (20, '2024-02-13', 'C', 120.00, 2);



-- Products
INSERT INTO store_product ("SKU", slug, description, price, stock, category_id) VALUES ('WP001', 'waterproofing-caulking-001', 'Premium Waterproof Sealant', 19.99, 150, 1);
INSERT INTO store_product ("SKU", slug, description, price, stock, category_id) VALUES ('WP002', 'waterproofing-caulking-002', 'Heavy-Duty Caulk', 12.49, 200, 1);
INSERT INTO store_product ("SKU", slug, description, price, stock, category_id) VALUES ('WP003', 'waterproofing-caulking-003', 'Flexible Caulking Strip', 15.99, 120, 1);
INSERT INTO store_product ("SKU", slug, description, price, stock, category_id) VALUES ('WP004', 'waterproofing-caulking-004', 'Quick-Dry Waterproof Sealant', 18.50, 180, 1);
INSERT INTO store_product ("SKU", slug, description, price, stock, category_id) VALUES ('WP005', 'waterproofing-caulking-005', 'Silicone Caulking', 22.00, 75, 1);
INSERT INTO store_product ("SKU", slug, description, price, stock, category_id) VALUES ('FS001', 'fire-sprinkler-001', 'Residential Fire Sprinkler', 89.99, 60, 2);
INSERT INTO store_product ("SKU", slug, description, price, stock, category_id) VALUES ('FS002', 'fire-sprinkler-002', 'Commercial Fire Sprinkler', 129.99, 45, 2);
INSERT INTO store_product ("SKU", slug, description, price, stock, category_id) VALUES ('FS003', 'fire-sprinkler-003', 'High-Pressure Fire Sprinkler', 199.99, 30, 2);
INSERT INTO store_product ("SKU", slug, description, price, stock, category_id) VALUES ('FS004', 'fire-sprinkler-004', 'Ceiling-Mount Fire Sprinkler', 150.00, 80, 2);
INSERT INTO store_product ("SKU", slug, description, price, stock, category_id) VALUES ('FS005', 'fire-sprinkler-005', 'Wall-Mount Fire Sprinkler', 140.00, 90, 2);
INSERT INTO store_product ("SKU", slug, description, price, stock, category_id) VALUES ('RF001', 'rf-shielding-001', 'RF Shielding Paint', 49.99, 100, 3);
INSERT INTO store_product ("SKU", slug, description, price, stock, category_id) VALUES ('RF002', 'rf-shielding-002', 'RF Shielding Fabric', 59.99, 70, 3);
INSERT INTO store_product ("SKU", slug, description, price, stock, category_id) VALUES ('RF003', 'rf-shielding-003', 'RF Shielding Mesh', 79.99, 50, 3);
INSERT INTO store_product ("SKU", slug, description, price, stock, category_id) VALUES ('RF004', 'rf-shielding-004', 'RF Shielding Window Film', 69.99, 85, 3);
INSERT INTO store_product ("SKU", slug, description, price, stock, category_id) VALUES ('RF005', 'rf-shielding-005', 'RF Shielding Tape', 29.99, 120, 3);
INSERT INTO store_product ("SKU", slug, description, price, stock, category_id) VALUES ('SF001', 'site-furnishings-001', 'Outdoor Bench', 199.99, 25, 4);
INSERT INTO store_product ("SKU", slug, description, price, stock, category_id) VALUES ('SF002', 'site-furnishings-002', 'Picnic Table', 299.99, 15, 4);
INSERT INTO store_product ("SKU", slug, description, price, stock, category_id) VALUES ('SF003', 'site-furnishings-003', 'Park Trash Can', 129.99, 40, 4);
INSERT INTO store_product ("SKU", slug, description, price, stock, category_id) VALUES ('SF004', 'site-furnishings-004', 'Bike Rack', 159.99, 35, 4);
INSERT INTO store_product ("SKU", slug, description, price, stock, category_id) VALUES ('SF005', 'site-furnishings-005', 'Garden Swing', 349.99, 10, 4);
INSERT INTO store_product ("SKU", slug, description, price, stock, category_id) VALUES ('CC001', 'construction-clean-001', 'Heavy-Duty Broom', 25.99, 200, 5);
INSERT INTO store_product ("SKU", slug, description, price, stock, category_id) VALUES ('CC002', 'construction-clean-002', 'Industrial Vacuum Cleaner', 399.99, 5, 5);
INSERT INTO store_product ("SKU", slug, description, price, stock, category_id) VALUES ('CC003', 'construction-clean-003', 'Pressure Washer', 299.99, 8, 5);
INSERT INTO store_product ("SKU", slug, description, price, stock, category_id) VALUES ('CC004', 'construction-clean-004', 'Cleaning Solvent', 19.99, 300, 5);
INSERT INTO store_product ("SKU", slug, description, price, stock, category_id) VALUES ('CC005', 'construction-clean-005', 'Window Cleaning Kit', 49.99, 50, 5);
INSERT INTO store_product ("SKU", slug, description, price, stock, category_id) VALUES ('DA001', 'drywall-acoustical-001', 'Acoustic Panels', 119.99, 80, 6);
INSERT INTO store_product ("SKU", slug, description, price, stock, category_id) VALUES ('DA002', 'drywall-acoustical-002', 'Drywall Sheets', 9.99, 500, 6);
INSERT INTO store_product ("SKU", slug, description, price, stock, category_id) VALUES ('DA003', 'drywall-acoustical-003', 'Soundproofing Insulation', 49.99, 120, 6);
INSERT INTO store_product ("SKU", slug, description, price, stock, category_id) VALUES ('DA004', 'drywall-acoustical-004', 'Drywall Screws', 4.99, 1000, 6);
INSERT INTO store_product ("SKU", slug, description, price, stock, category_id) VALUES ('DA005', 'drywall-acoustical-005', 'Joint Compound', 14.99, 250, 6);
INSERT INTO store_product ("SKU", slug, description, price, stock, category_id) VALUES ('DF001', 'doors-frames-001', 'Solid Wood Door', 199.99, 30, 7);
INSERT INTO store_product ("SKU", slug, description, price, stock, category_id) VALUES ('DF002', 'doors-frames-002', 'Metal Door Frame', 79.99, 70, 7);
INSERT INTO store_product ("SKU", slug, description, price, stock, category_id) VALUES ('DF003', 'doors-frames-003', 'Glass Door', 299.99, 20, 7);
INSERT INTO store_product ("SKU", slug, description, price, stock, category_id) VALUES ('DF004', 'doors-frames-004', 'Fire-Rated Door', 349.99, 15, 7);
INSERT INTO store_product ("SKU", slug, description, price, stock, category_id) VALUES ('DF005', 'doors-frames-005', 'Door Hardware Kit', 59.99, 100, 7);
INSERT INTO store_product ("SKU", slug, description, price, stock, category_id) VALUES ('FW001', 'framing-wood-001', '2x4 Wood Stud', 2.99, 1000, 8);
INSERT INTO store_product ("SKU", slug, description, price, stock, category_id) VALUES ('FW002', 'framing-wood-002', 'Plywood Sheet', 29.99, 200, 8);
INSERT INTO store_product ("SKU", slug, description, price, stock, category_id) VALUES ('FW003', 'framing-wood-003', 'Pressure-Treated Lumber', 19.99, 150, 8);
INSERT INTO store_product ("SKU", slug, description, price, stock, category_id) VALUES ('FW004', 'framing-wood-004', 'Wooden Beam', 49.99, 80, 8);
INSERT INTO store_product ("SKU", slug, description, price, stock, category_id) VALUES ('FW005', 'framing-wood-005', 'Decking Planks', 14.99, 300, 8);
INSERT INTO store_product ("SKU", slug, description, price, stock, category_id) VALUES ('SM001', 'steel-erection-001', 'Steel Beam', 99.99, 40, 9);
INSERT INTO store_product ("SKU", slug, description, price, stock, category_id) VALUES ('SM002', 'steel-erection-002', 'Steel Column', 149.99, 20, 9);
INSERT INTO store_product ("SKU", slug, description, price, stock, category_id) VALUES ('SM003', 'steel-erection-003', 'Steel Plate', 59.99, 70, 9);
INSERT INTO store_product ("SKU", slug, description, price, stock, category_id) VALUES ('SM004', 'steel-erection-004', 'Steel Rod', 19.99, 300, 9);
INSERT INTO store_product ("SKU", slug, description, price, stock, category_id) VALUES ('SM005', 'steel-erection-005', 'Steel Sheet', 79.99, 50, 9);
INSERT INTO store_product ("SKU", slug, description, price, stock, category_id) VALUES ('WP006', 'waterproofing-caulking-006', 'Rubberized Coating', 24.99, 100, 1);
INSERT INTO store_product ("SKU", slug, description, price, stock, category_id) VALUES ('WP007', 'waterproofing-caulking-007', 'Multi-Purpose Sealant', 14.99, 180, 1);
INSERT INTO store_product ("SKU", slug, description, price, stock, category_id) VALUES ('WP008', 'waterproofing-caulking-008', 'Clear Caulking Gel', 11.99, 220, 1);
INSERT INTO store_product ("SKU", slug, description, price, stock, category_id) VALUES ('WP009', 'waterproofing-caulking-009', 'Waterproof Membrane', 79.99, 90, 1);
INSERT INTO store_product ("SKU", slug, description, price, stock, category_id) VALUES ('WP010', 'waterproofing-caulking-010', 'Acrylic Caulking', 9.99, 240, 1);
INSERT INTO store_product ("SKU", slug, description, price, stock, category_id) VALUES ('FS006', 'fire-sprinkler-006', 'Automatic Fire Sprinkler', 149.99, 70, 2);
INSERT INTO store_product ("SKU", slug, description, price, stock, category_id) VALUES ('FS007', 'fire-sprinkler-007', 'Sprinkler Head', 49.99, 200, 2);
INSERT INTO store_product ("SKU", slug, description, price, stock, category_id) VALUES ('FS008', 'fire-sprinkler-008', 'Fire Sprinkler Valve', 99.99, 50, 2);
INSERT INTO store_product ("SKU", slug, description, price, stock, category_id) VALUES ('FS009', 'fire-sprinkler-009', 'Sprinkler Pipe', 19.99, 300, 2);
INSERT INTO store_product ("SKU", slug, description, price, stock, category_id) VALUES ('FS010', 'fire-sprinkler-010', 'Fire Sprinkler Alarm', 59.99, 90, 2);
INSERT INTO store_product ("SKU", slug, description, price, stock, category_id) VALUES ('RF006', 'rf-shielding-006', 'EMF Shielding Fabric', 69.99, 50, 3);
INSERT INTO store_product ("SKU", slug, description, price, stock, category_id) VALUES ('RF007', 'rf-shielding-007', 'RF Blocking Paint', 59.99, 80, 3);
INSERT INTO store_product ("SKU", slug, description, price, stock, category_id) VALUES ('RF008', 'rf-shielding-008', 'EMF Shielding Film', 89.99, 70, 3);
INSERT INTO store_product ("SKU", slug, description, price, stock, category_id) VALUES ('RF009', 'rf-shielding-009', 'Shielding Gasket', 39.99, 100, 3);
INSERT INTO store_product ("SKU", slug, description, price, stock, category_id) VALUES ('RF010', 'rf-shielding-010', 'RF Shielding Foil', 49.99, 90, 3);
INSERT INTO store_product ("SKU", slug, description, price, stock, category_id) VALUES ('SF006', 'site-furnishings-006', 'Outdoor Trash Bin', 79.99, 40, 4);
INSERT INTO store_product ("SKU", slug, description, price, stock, category_id) VALUES ('SF007', 'site-furnishings-007', 'Park Bench', 199.99, 25, 4);
INSERT INTO store_product ("SKU", slug, description, price, stock, category_id) VALUES ('SF008', 'site-furnishings-008', 'Garden Bench', 149.99, 30, 4);
INSERT INTO store_product ("SKU", slug, description, price, stock, category_id) VALUES ('SF009', 'site-furnishings-009', 'Playground Equipment', 399.99, 15, 4);
INSERT INTO store_product ("SKU", slug, description, price, stock, category_id) VALUES ('SF010', 'site-furnishings-010', 'Outdoor Table', 299.99, 20, 4);
INSERT INTO store_product ("SKU", slug, description, price, stock, category_id) VALUES ('CC006', 'construction-clean-006', 'Scrub Brush', 9.99, 500, 5);
INSERT INTO store_product ("SKU", slug, description, price, stock, category_id) VALUES ('CC007', 'construction-clean-007', 'Floor Cleaner', 14.99, 250, 5);
INSERT INTO store_product ("SKU", slug, description, price, stock, category_id) VALUES ('CC008', 'construction-clean-008', 'Heavy-Duty Mop', 19.99, 150, 5);
INSERT INTO store_product ("SKU", slug, description, price, stock, category_id) VALUES ('CC009', 'construction-clean-009', 'Industrial Cleaner', 39.99, 120, 5);
INSERT INTO store_product ("SKU", slug, description, price, stock, category_id) VALUES ('CC010', 'construction-clean-010', 'Safety Cones', 14.99, 90, 5);
INSERT INTO store_product ("SKU", slug, description, price, stock, category_id) VALUES ('DA006', 'drywall-acoustical-006', 'Ceiling Tiles', 49.99, 60, 6);
INSERT INTO store_product ("SKU", slug, description, price, stock, category_id) VALUES ('DA007', 'drywall-acoustical-007', 'Drywall Corner Bead', 9.99, 400, 6);
INSERT INTO store_product ("SKU", slug, description, price, stock, category_id) VALUES ('DA008', 'drywall-acoustical-008', 'Acoustic Sealant', 29.99, 130, 6);
INSERT INTO store_product ("SKU", slug, description, price, stock, category_id) VALUES ('DA009', 'drywall-acoustical-009', 'Soundproof Drywall', 59.99, 90, 6);
INSERT INTO store_product ("SKU", slug, description, price, stock, category_id) VALUES ('DA010', 'drywall-acoustical-010', 'Drywall Lift', 199.99, 10, 6);
INSERT INTO store_product ("SKU", slug, description, price, stock, category_id) VALUES ('DF006', 'doors-frames-006', 'Sliding Barn Door', 299.99, 25, 7);
INSERT INTO store_product ("SKU", slug, description, price, stock, category_id) VALUES ('DF007', 'doors-frames-007', 'French Door Set', 499.99, 10, 7);
INSERT INTO store_product ("SKU", slug, description, price, stock, category_id) VALUES ('DF008', 'doors-frames-008', 'Security Door', 399.99, 20, 7);
INSERT INTO store_product ("SKU", slug, description, price, stock, category_id) VALUES ('DF009', 'doors-frames-009', 'Patio Door', 349.99, 15, 7);
INSERT INTO store_product ("SKU", slug, description, price, stock, category_id) VALUES ('DF010', 'doors-frames-010', 'Storm Door', 249.99, 30, 7);
INSERT INTO store_product ("SKU", slug, description, price, stock, category_id) VALUES ('FW006', 'framing-wood-006', 'Laminated Veneer Lumber', 39.99, 70, 8);
INSERT INTO store_product ("SKU", slug, description, price, stock, category_id) VALUES ('FW007', 'framing-wood-007', 'Engineered Wood', 59.99, 60, 8);
INSERT INTO store_product ("SKU", slug, description, price, stock, category_id) VALUES ('FW008', 'framing-wood-008', 'Wood Joists', 24.99, 80, 8);
INSERT INTO store_product ("SKU", slug, description, price, stock, category_id) VALUES ('FW009', 'framing-wood-009', 'Timber Beams', 79.99, 30, 8);


-- Create Orders
INSERT INTO store_order (order_id, order_date, total_price, customer_id, shipment_id, payment_id) VALUES (1, '2023-06-07', 100.00, 1, 1, 1);
INSERT INTO store_order (order_id, order_date, total_price, customer_id, shipment_id, payment_id) VALUES (2, '2024-03-07', 200.00, 50, 2, 2);
INSERT INTO store_order (order_id, order_date, total_price, customer_id, shipment_id, payment_id) VALUES (3, '2023-11-14', 150.00, 50, 3, 3);
INSERT INTO store_order (order_id, order_date, total_price, customer_id, shipment_id, payment_id) VALUES (4, '2023-06-15', 120.00, 46, 4, 4);
INSERT INTO store_order (order_id, order_date, total_price, customer_id, shipment_id, payment_id) VALUES (5, '2024-03-09', 180.00, 32, 5, 5);
INSERT INTO store_order (order_id, order_date, total_price, customer_id, shipment_id, payment_id) VALUES (6, '2023-10-04', 210.00, 10, 6, 6);
INSERT INTO store_order (order_id, order_date, total_price, customer_id, shipment_id, payment_id) VALUES (7, '2023-06-13', 140.00, 50, 7, 7);
INSERT INTO store_order (order_id, order_date, total_price, customer_id, shipment_id, payment_id) VALUES (8, '2024-05-29', 130.00, 50, 8, 8);
INSERT INTO store_order (order_id, order_date, total_price, customer_id, shipment_id, payment_id) VALUES (9, '2023-11-10', 170.00, 39, 9, 9);
INSERT INTO store_order (order_id, order_date, total_price, customer_id, shipment_id, payment_id) VALUES (10, '2024-04-27', 190.00, 50, 10, 10);
INSERT INTO store_order (order_id, order_date, total_price, customer_id, shipment_id, payment_id) VALUES (11, '2024-03-18', 160.00, 26, 11, 11);
INSERT INTO store_order (order_id, order_date, total_price, customer_id, shipment_id, payment_id) VALUES (12, '2024-03-07', 110.00, 50, 12, 12);
INSERT INTO store_order (order_id, order_date, total_price, customer_id, shipment_id, payment_id) VALUES (13, '2024-01-26', 100.00, 2, 13, 13);
INSERT INTO store_order (order_id, order_date, total_price, customer_id, shipment_id, payment_id) VALUES (14, '2024-01-10', 220.00, 27, 14, 14);
INSERT INTO store_order (order_id, order_date, total_price, customer_id, shipment_id, payment_id) VALUES (15, '2024-04-06', 140.00, 16, 15, 15);
INSERT INTO store_order (order_id, order_date, total_price, customer_id, shipment_id, payment_id) VALUES (16, '2023-06-09', 150.00, 5, 16, 16);
INSERT INTO store_order (order_id, order_date, total_price, customer_id, shipment_id, payment_id) VALUES (17, '2023-11-30', 130.00, 4, 17, 17);
INSERT INTO store_order (order_id, order_date, total_price, customer_id, shipment_id, payment_id) VALUES (18, '2023-10-22', 180.00, 4, 18, 18);
INSERT INTO store_order (order_id, order_date, total_price, customer_id, shipment_id, payment_id) VALUES (19, '2023-10-06', 170.00, 50, 19, 19);
INSERT INTO store_order (order_id, order_date, total_price, customer_id, shipment_id, payment_id) VALUES (20, '2024-02-13', 120.00, 2, 20, 20);

--  Order Items

INSERT INTO store_orderitem (order_item_id, quantity, price, order_id, product_id) VALUES (1, 5, 19.99, 1, 1);
INSERT INTO store_orderitem (order_item_id, quantity, price, order_id, product_id) VALUES (2, 4, 12.49, 1, 2);
INSERT INTO store_orderitem (order_item_id, quantity, price, order_id, product_id) VALUES (3, 2, 29.99, 2, 9);
INSERT INTO store_orderitem (order_item_id, quantity, price, order_id, product_id) VALUES (4, 3, 49.99, 2, 5);
INSERT INTO store_orderitem (order_item_id, quantity, price, order_id, product_id) VALUES (5, 1, 199.99, 3, 6);
INSERT INTO store_orderitem (order_item_id, quantity, price, order_id, product_id) VALUES (6, 1, 150.00, 3, 7);
INSERT INTO store_orderitem (order_item_id, quantity, price, order_id, product_id) VALUES (7, 4, 22.00, 4, 3);
INSERT INTO store_orderitem (order_item_id, quantity, price, order_id, product_id) VALUES (8, 3, 29.99, 4, 8);
INSERT INTO store_orderitem (order_item_id, quantity, price, order_id, product_id) VALUES (9, 6, 15.99, 5, 4);
INSERT INTO store_orderitem (order_item_id, quantity, price, order_id, product_id) VALUES (10, 5, 19.99, 5, 10);
INSERT INTO store_orderitem (order_item_id, quantity, price, order_id, product_id) VALUES (11, 10, 9.99, 6, 12);
INSERT INTO store_orderitem (order_item_id, quantity, price, order_id, product_id) VALUES (12, 8, 14.99, 6, 14);
INSERT INTO store_orderitem (order_item_id, quantity, price, order_id, product_id) VALUES (13, 2, 49.99, 7, 16);
INSERT INTO store_orderitem (order_item_id, quantity, price, order_id, product_id) VALUES (14, 3, 22.00, 7, 15);
INSERT INTO store_orderitem (order_item_id, quantity, price, order_id, product_id) VALUES (15, 4, 14.99, 8, 18);
INSERT INTO store_orderitem (order_item_id, quantity, price, order_id, product_id) VALUES (16, 5, 19.99, 8, 20);
INSERT INTO store_orderitem (order_item_id, quantity, price, order_id, product_id) VALUES (17, 6, 29.99, 9, 21);
INSERT INTO store_orderitem (order_item_id, quantity, price, order_id, product_id) VALUES (18, 7, 24.99, 9, 22);
INSERT INTO store_orderitem (order_item_id, quantity, price, order_id, product_id) VALUES (19, 4, 39.99, 10, 23);
INSERT INTO store_orderitem (order_item_id, quantity, price, order_id, product_id) VALUES (20, 5, 14.99, 10, 24);
INSERT INTO store_orderitem (order_item_id, quantity, price, order_id, product_id) VALUES (21, 2, 29.99, 11, 25);
INSERT INTO store_orderitem (order_item_id, quantity, price, order_id, product_id) VALUES (22, 3, 39.99, 11, 26);
INSERT INTO store_orderitem (order_item_id, quantity, price, order_id, product_id) VALUES (23, 8, 19.99, 12, 27);
INSERT INTO store_orderitem (order_item_id, quantity, price, order_id, product_id) VALUES (24, 6, 24.99, 12, 28);
INSERT INTO store_orderitem (order_item_id, quantity, price, order_id, product_id) VALUES (25, 5, 22.00, 13, 29);
INSERT INTO store_orderitem (order_item_id, quantity, price, order_id, product_id) VALUES (26, 7, 14.99, 13, 30);
INSERT INTO store_orderitem (order_item_id, quantity, price, order_id, product_id) VALUES (27, 3, 39.99, 14, 31);
INSERT INTO store_orderitem (order_item_id, quantity, price, order_id, product_id) VALUES (28, 2, 29.99, 14, 32);
INSERT INTO store_orderitem (order_item_id, quantity, price, order_id, product_id) VALUES (29, 4, 19.99, 15, 33);
INSERT INTO store_orderitem (order_item_id, quantity, price, order_id, product_id) VALUES (30, 5, 24.99, 15, 34);
INSERT INTO store_orderitem (order_item_id, quantity, price, order_id, product_id) VALUES (31, 6, 29.99, 16, 35);
INSERT INTO store_orderitem (order_item_id, quantity, price, order_id, product_id) VALUES (32, 7, 19.99, 16, 36);
INSERT INTO store_orderitem (order_item_id, quantity, price, order_id, product_id) VALUES (33, 2, 15.99, 17, 37);
INSERT INTO store_orderitem (order_item_id, quantity, price, order_id, product_id) VALUES (34, 3, 22.00, 17, 38);
INSERT INTO store_orderitem (order_item_id, quantity, price, order_id, product_id) VALUES (35, 4, 29.99, 18, 39);
INSERT INTO store_orderitem (order_item_id, quantity, price, order_id, product_id) VALUES (36, 5, 24.99, 18, 40);
INSERT INTO store_orderitem (order_item_id, quantity, price, order_id, product_id) VALUES (37, 6, 39.99, 19, 41);
INSERT INTO store_orderitem (order_item_id, quantity, price, order_id, product_id) VALUES (38, 7, 29.99, 19, 42);
INSERT INTO store_orderitem (order_item_id, quantity, price, order_id, product_id) VALUES (39, 4, 19.99, 20, 43);
INSERT INTO store_orderitem (order_item_id, quantity, price, order_id, product_id) VALUES (40, 5, 24.99, 20, 44);
